Workbook
Name Slicer_Nights: #N/A
Name Slicer_Room_Rate: #N/A
Name Slicer_Room_Type: #N/A
Name Slicer_Total_Bookings: #N/A

Sheet Bookings Data
A1: Booking ID | B1: Guest Name | C1: Room Type | D1: Booking Channel | E1: Customer Type | F1: Check-In Date | G1: Nights | H1: Guests | I1: Room Rate ($) | J1: Total Revenue ($) | K1: Payment Status
A2: HTL-0001 | B2: Diya Bhatt | C2: Executive Room | D2: Walk-in | E2: Group | F2: 46142 | G2: 1 | H2: 2 | I2: 257 | J2: =G2*I2 -> 257 | K2: Pending
A3: HTL-0002 | B3: Siddharth Joshi | C3: Presidential Suite | D3: Agoda | E3: Corporate | F3: 46107 | G3: 8 | H3: 1 | I3: 580 | J3: =G3*I3 -> 4640 | K3: Pending
A4: HTL-0003 | B4: Rohan Patel | C4: Presidential Suite | D4: Walk-in | E4: Group | F4: 46072 | G4: 8 | H4: 3 | I4: 572 | J4: =G4*I4 -> 4576 | K4: Partially Paid
A5: HTL-0004 | B5: Karan Mehta | C5: Deluxe Suite | D5: Corporate Travel | E5: Contract | F5: 46100 | G5: 4 | H5: 1 | I5: 334 | J5: =G5*I5 -> 1336 | K5: Refunded
A6: HTL-0005 | B6: Karan Chawla | C6: Presidential Suite | D6: Booking.com | E6: Contract | F6: 46042 | G6: 7 | H6: 4 | I6: 453 | J6: =G6*I6 -> 3171 | K6: Partially Paid
A7: HTL-0006 | B7: Priya Iyer | C7: Deluxe Suite | D7: Expedia | E7: Transient | F7: 46117 | G7: 6 | H7: 1 | I7: 317 | J7: =G7*I7 -> 1902 | K7: Pending
A8: HTL-0007 | B8: Aarav Rao | C8: Executive Room | D8: Expedia | E8: Transient | F8: 46218 | G8: 3 | H8: 4 | I8: 267 | J8: =G8*I8 -> 801 | K8: Refunded
A9: HTL-0008 | B9: Siddharth Deshmukh | C9: Family Villa | D9: Corporate Travel | E9: Corporate | F9: 46150 | G9: 9 | H9: 3 | I9: 396 | J9: =G9*I9 -> 3564 | K9: Paid
A10: HTL-0009 | B10: Ananya Patel | C10: Deluxe Suite | D10: Walk-in | E10: Group | F10: 46159 | G10: 8 | H10: 1 | I10: 367 | J10: =G10*I10 -> 2936 | K10: Pending
A11: HTL-0010 | B11: Rahul Singh | C11: Executive Room | D11: Agoda | E11: Contract | F11: 46250 | G11: 3 | H11: 1 | I11: 199 | J11: =G11*I11 -> 597 | K11: Refunded
A12: HTL-0011 | B12: Sneha Rao | C12: Deluxe Suite | D12: Direct Website | E12: Group | F12: 46141 | G12: 1 | H12: 2 | I12: 321 | J12: =G12*I12 -> 321 | K12: Refunded
A13: HTL-0012 | B13: Ananya Joshi | C13: Executive Room | D13: Expedia | E13: Contract | F13: 46075 | G13: 7 | H13: 1 | I13: 247 | J13: =G13*I13 -> 1729 | K13: Refunded
... A501: HTL-0500 | B501: Diya Nair | C501: Executive Room | D501: Direct Website | E501: Transient | F501: 46182 | G501: 7 | H501: 3 | I501: 262 | J501: =G501*I501 -> 1834 | K501: Partially Paid

Sheet Pivot & Summary Analysis
A1: 🏨 HOTEL MANAGEMENT - PIVOT ANALYSIS (FORMULA-DRIVEN)
A3: PIVOT TABLE 1: PERFORMANCE BY ROOM TYPE
A4: Room Type | B4: Total Bookings | C4: Total Nights Occupied | D4: Average Daily Rate ($) | E4: Total Revenue ($) | F4: % Revenue Share
A5: Deluxe Suite | B5: =COUNTIF('Bookings Data'!C:C, A5) -> 87 | C5: =SUMIF('Bookings Data'!C:C, A5, 'Bookings Data'!G:G) -> 447 | D5: =AVERAGEIF('Bookings Data'!C:C, A5, 'Bookings Data'!I:I) -> 327.91954 | E5: =SUMIF('Bookings Data'!C:C, A5, 'Bookings Data'!J:J) -> 146840 | F5: =E5/$E$10 -> 0.14528775
A6: Executive Room | B6: =COUNTIF('Bookings Data'!C:C, A6) -> 110 | C6: =SUMIF('Bookings Data'!C:C, A6, 'Bookings Data'!G:G) -> 581 | D6: =AVERAGEIF('Bookings Data'!C:C, A6, 'Bookings Data'!I:I) -> 232.52727 | E6: =SUMIF('Bookings Data'!C:C, A6, 'Bookings Data'!J:J) -> 135014 | F6: =E6/$E$10 -> 0.13358676
A7: Standard Room | B7: =COUNTIF('Bookings Data'!C:C, A7) -> 86 | C7: =SUMIF('Bookings Data'!C:C, A7, 'Bookings Data'!G:G) -> 469 | D7: =AVERAGEIF('Bookings Data'!C:C, A7, 'Bookings Data'!I:I) -> 135.03488 | E7: =SUMIF('Bookings Data'!C:C, A7, 'Bookings Data'!J:J) -> 62829 | F7: =E7/$E$10 -> 0.062164831
A8: Presidential Suite | B8: =COUNTIF('Bookings Data'!C:C, A8) -> 118 | C8: =SUMIF('Bookings Data'!C:C, A8, 'Bookings Data'!G:G) -> 657 | D8: =AVERAGEIF('Bookings Data'!C:C, A8, 'Bookings Data'!I:I) -> 612.34746 | E8: =SUMIF('Bookings Data'!C:C, A8, 'Bookings Data'!J:J) -> 404334 | F8: =E8/$E$10 -> 0.40005976
A9: Family Villa | B9: =COUNTIF('Bookings Data'!C:C, A9) -> 99 | C9: =SUMIF('Bookings Data'!C:C, A9, 'Bookings Data'!G:G) -> 587 | D9: =AVERAGEIF('Bookings Data'!C:C, A9, 'Bookings Data'!I:I) -> 450.91919 | E9: =SUMIF('Bookings Data'!C:C, A9, 'Bookings Data'!J:J) -> 261667 | F9: =E9/$E$10 -> 0.2589009
A10: Grand Total | B10: =SUM(B5:B9) -> 500 | C10: =SUM(C5:C9) -> 2741 | D10: =AVERAGE(D5:D9) -> 351.74967 | E10: =SUM(E5:E9) -> 1010684 | F10: =SUM(F5:F9) -> 1
A11: Minimum | B11: =MIN(B5:B9) -> 86 | C11: =MIN(C5:C9) -> 447 | D11: =MIN(D5:D9) -> 135.03488 | E11: =MIN(E5:E9) -> 62829 | F11: =MIN(F5:F9) -> 0.062164831
A12: Maximum | B12: =MAX(B5:B9) -> 118 | C12: =MAX(C5:C9) -> 657 | D12: =MAX(D5:D9) -> 612.34746 | E12: =MAX(E5:E9) -> 404334 | F12: =MAX(F5:F9) -> 0.40005976
A15: PIVOT TABLE 2: REVENUE BY BOOKING CHANNEL
A16: Booking Channel | B16: Total Bookings | C16: Total Revenue ($) | D16: Average Revenue / Booking ($)
A17: Direct Website | B17: =COUNTIF('Bookings Data'!D:D, A17) -> 92 | C17: =SUMIF('Bookings Data'!D:D, A17, 'Bookings Data'!J:J) -> 204547 | D17: =C17/B17 -> 2223.337
A18: Booking.com | B18: =COUNTIF('Bookings Data'!D:D, A18) -> 72 | C18: =SUMIF('Bookings Data'!D:D, A18, 'Bookings Data'!J:J) -> 148566 | D18: =C18/B18 -> 2063.4167
A19: Expedia | B19: =COUNTIF('Bookings Data'!D:D, A19) -> 87 | C19: =SUMIF('Bookings Data'!D:D, A19, 'Bookings Data'!J:J) -> 176350 | D19: =C19/B19 -> 2027.0115
A20: Corporate Travel | B20: =COUNTIF('Bookings Data'!D:D, A20) -> 83 | C20: =SUMIF('Bookings Data'!D:D, A20, 'Bookings Data'!J:J) -> 149930 | D20: =C20/B20 -> 1806.3855
A21: Walk-in | B21: =COUNTIF('Bookings Data'!D:D, A21) -> 74 | C21: =SUMIF('Bookings Data'!D:D, A21, 'Bookings Data'!J:J) -> 143581 | D21: =C21/B21 -> 1940.2838
A22: Agoda | B22: =COUNTIF('Bookings Data'!D:D, A22) -> 92 | C22: =SUMIF('Bookings Data'!D:D, A22, 'Bookings Data'!J:J) -> 187710 | D22: =C22/B22 -> 2040.3261
A23: Grand Total | B23: =SUM(B17:B22) -> 500 | C23: =SUM(C17:C22) -> 1010684 | D23: =C23/B23 -> 2021.368
A26: PIVOT TABLE 3: OVERALL DATASET MIN / MAX METRICS
A27: Metric Name | B27: Minimum Value (MIN) | C27: Maximum Value (MAX) | D27: Average Value (AVERAGE)
A28: Room Daily Rate ($) | B28: =MIN('Bookings Data'!I:I) -> 102 | C28: =MAX('Bookings Data'!I:I) -> 747 | D28: =AVERAGE('Bookings Data'!I:I) -> 365.236
A29: Total Booking Revenue ($) | B29: =MIN('Bookings Data'!J:J) -> 106 | C29: =MAX('Bookings Data'!J:J) -> 7470 | D29: =AVERAGE('Bookings Data'!J:J) -> 2021.368
A30: Length of Stay (Nights) | B30: =MIN('Bookings Data'!G:G) -> 1 | C30: =MAX('Bookings Data'!G:G) -> 10 | D30: =AVERAGE('Bookings Data'!G:G) -> 5.482
A31: Number of Guests | B31: =MIN('Bookings Data'!H:H) -> 1 | C31: =MAX('Bookings Data'!H:H) -> 4 | D31: =AVERAGE('Bookings Data'!H:H) -> 2.492
A33: index
A34: =INDEX('Bookings Data'!A:K,10,3) -> Deluxe Suite
A36: match
A37: =MATCH('Bookings Data'!A9,'Bookings Data'!A1:A28,0) -> 9
A39: vlookup | B39: payment status for htl-0010
A40: =VLOOKUP('Bookings Data'!A11,'Bookings Data'!A1:K23,11,0) -> Refunded
A42: xlookup | B42: dtail for htl-0010
A43: {=_xlfn.XLOOKUP('Bookings Data'!A11,'Bookings Data'!A2:A15,'Bookings Data'!B2:J15,0)} -> Rahul Singh | B43: Executive Room | C43: Agoda | D43: Contract | E43: 46250 | F43: 3 | G43: 1 | H43: 199 | I43: 597

Sheet Dashboard
A1: 🏨 EXECUTIVE HOTEL MANAGEMENT DASHBOARD
A2: TOTAL BOOKINGS | B2: ='Pivot & Summary Analysis'!B10 -> 500 | C2: TOTAL REVENUE ($) | D2: ='Pivot & Summary Analysis'!E10 -> 1010684 | E2: AVERAGE DAILY RATE ($) | F2: ='Pivot & Summary Analysis'!D10 -> 351.74967 | G2: TOTAL NIGHTS BOOKED | H2: ='Pivot & Summary Analysis'!C10 -> 2741
A3: MIN ROOM RATE ($) | B3: ='Pivot & Summary Analysis'!B28 -> 102 | C3: MAX ROOM RATE ($) | D3: ='Pivot & Summary Analysis'!C28 -> 747 | E3: MIN BOOKING REVENUE ($) | F3: ='Pivot & Summary Analysis'!B29 -> 106 | G3: MAX BOOKING REVENUE ($) | H3: ='Pivot & Summary Analysis'!C29 -> 7470
A42: SUMMARY BY ROOM TYPE | F42: SUMMARY BY BOOKING CHANNEL
A43: Room Type | B43: Bookings | C43: Total Revenue ($) | D43: MIN Revenue ($) | E43: MAX Revenue ($) | F43: Channel | G43: Bookings2 | H43: Total Revenue ($)3
A44: ='Pivot & Summary Analysis'!A5 -> Deluxe Suite | B44: ='Pivot & Summary Analysis'!B5 -> 87 | C44: ='Pivot & Summary Analysis'!E5 -> 146840 | D44: ='Pivot & Summary Analysis'!B11 -> 86 | E44: ='Pivot & Summary Analysis'!B12 -> 118 | F44: ='Pivot & Summary Analysis'!A17 -> Direct Website | G44: ='Pivot & Summary Analysis'!B17 -> 92 | H44: ='Pivot & Summary Analysis'!C17 -> 204547
A45: ='Pivot & Summary Analysis'!A6 -> Executive Room | B45: ='Pivot & Summary Analysis'!B6 -> 110 | C45: ='Pivot & Summary Analysis'!E6 -> 135014 | D45: ='Pivot & Summary Analysis'!B11 -> 86 | E45: ='Pivot & Summary Analysis'!B12 -> 118 | F45: ='Pivot & Summary Analysis'!A18 -> Booking.com | G45: ='Pivot & Summary Analysis'!B18 -> 72 | H45: ='Pivot & Summary Analysis'!C18 -> 148566
A46: ='Pivot & Summary Analysis'!A7 -> Standard Room | B46: ='Pivot & Summary Analysis'!B7 -> 86 | C46: ='Pivot & Summary Analysis'!E7 -> 62829 | D46: ='Pivot & Summary Analysis'!B11 -> 86 | E46: ='Pivot & Summary Analysis'!B12 -> 118 | F46: ='Pivot & Summary Analysis'!A19 -> Expedia | G46: ='Pivot & Summary Analysis'!B19 -> 87 | H46: ='Pivot & Summary Analysis'!C19 -> 176350
A47: ='Pivot & Summary Analysis'!A8 -> Presidential Suite | B47: ='Pivot & Summary Analysis'!B8 -> 118 | C47: ='Pivot & Summary Analysis'!E8 -> 404334 | D47: ='Pivot & Summary Analysis'!B11 -> 86 | E47: ='Pivot & Summary Analysis'!B12 -> 118 | F47: ='Pivot & Summary Analysis'!A20 -> Corporate Travel | G47: ='Pivot & Summary Analysis'!B20 -> 83 | H47: ='Pivot & Summary Analysis'!C20 -> 149930
A48: ='Pivot & Summary Analysis'!A9 -> Family Villa | B48: ='Pivot & Summary Analysis'!B9 -> 99 | C48: ='Pivot & Summary Analysis'!E9 -> 261667 | D48: ='Pivot & Summary Analysis'!B11 -> 86 | E48: ='Pivot & Summary Analysis'!B12 -> 118 | F48: ='Pivot & Summary Analysis'!A21 -> Walk-in | G48: ='Pivot & Summary Analysis'!B21 -> 74 | H48: ='Pivot & Summary Analysis'!C21 -> 143581
F49: ='Pivot & Summary Analysis'!A22 -> Agoda | G49: ='Pivot & Summary Analysis'!B22 -> 92 | H49: ='Pivot & Summary Analysis'!C22 -> 187710

Sheet Sheet2
A3: Row Labels | B3: Sum of Total Bookings
A4: Deluxe Suite | B4: 87
A5: Executive Room | B5: 110
A6: Family Villa | B6: 99
A7: Grand Total | B7: 500
A8: Maximum | B8: 118
A9: Minimum | B9: 86
A10: Presidential Suite | B10: 118
A11: Standard Room | B11: 86
A12: Grand Total | B12: 1204

Sheet Sheet1
A3: Row Labels | B3: Sum of Room Rate ($)
A4: Deluxe Suite | B4: 2699
A5: Executive Room | B5: 3009
A6: Family Villa | B6: 4252
A7: Presidential Suite | B7: 5336
A8: Standard Room | B8: 1266
A9: Grand Total | B9: 16562

Sheet Sheet3
A3: Row Labels | B3: Sum of Room Rate ($) | C3: Sum of Nights
A4: Agoda | B4: 4375 | C4: 36
A5: Booking.com | B5: 1448 | C5: 9
A6: Corporate Travel | B6: 3488 | C6: 30
A7: Direct Website | B7: 2190 | C7: 21
A8: Expedia | B8: 4203 | C8: 36
A9: Walk-in | B9: 858 | C9: 9
A10: Grand Total | B10: 16562 | C10: 141
